"","time","humidity","temperature","pressure","voc","pm1.0_atm","pm2.5_atm","pm10.0_atm"
"1",2024-07-30,21.8333333333333,88.3333333333333,760.726666666667,51.655,4.86916666666667,6.33916666666667,6.57583333333333
